Country	Continent	Population	Area	Government	Gold	Silver	Bronze	Total
EGYPT	AFRICA	88487396	1001450	REPUBLIC	0	0	3	3
ALGERIA	AFRICA	39542166	2381741	REPUBLIC	0	2	0	2
ARGENTINA	SOUTH AMERICA	43431886	2780400	PRESIDENTIAL FEDERAL REPUBLIC	3	1	0	4
ARMENIA	ASIA	3056382	29743	REPUBLIC	1	3	0	4
AZERBAIJAN	ASIA	9780780	86600	REPUBLIC	1	7	10	18
ETHIOPIA	AFRICA	99465819	1104300	REPUBLIC	1	2	5	8
AUSTRALIA	OCEANIA	22751014	7741220	PARLIAMENTARY MONARCHY	8	11	10	29
BAHAMAS	NORTH AMERICA	324597	13880	CONSTITUTIONAL MONARCHY	1	0	1	2
BAHRAIN	ASIA	1346613	760	CONSTITUTIONAL MONARCHY	1	1	0	2
BELARUS	EUROPE	9589689	207600	REPUBLIC	1	4	4	9
BELGIUM	EUROPE	11323973	30528	PARLIAMENTARY MONARCHY	2	2	2	6
BRAZIL	SOUTH AMERICA	204259812	8514877	PRESIDENTIAL FEDERAL REPUBLIC	7	6	6	19
BULGARIA	EUROPE	7186893	110879	REPUBLIC	0	1	2	3
BURUNDI	AFRICA	10742276	27830	REPUBLIC	0	1	0	1
CHINA	ASIA	1367485388	9596960	PEOPLE'S REPUBLIC	26	18	26	70
DENMARK	EUROPE	5581503	43094	CONSTITUTIONAL MONARCHY	2	6	7	15
GERMANY	EUROPE	80854408	357022	PARLIAMENTARY FEDERAL REPUBLIC	17	10	15	42
DOMINICAN REPUBLIC	NORTH AMERICA	10478756	48670	REPUBLIC	0	0	1	1
IVORY COAST	AFRICA	23295302	322463	REPUBLIC	1	0	1	2
ESTONIA	EUROPE	1265420	45228	REPUBLIC	0	0	1	1
FIJI	OCEANIA	909389	18274	REPUBLIC	1	0	0	1
FINLAND	EUROPE	5476922	338145	REPUBLIC	0	0	1	1
FRANCE	EUROPE	66553766	643801	REPUBLIC	10	18	14	42
GEORGIA	ASIA	4931226	69700	REPUBLIC	2	1	4	7
GRENADA	NORTH AMERICA	110694	344	CONSTITUTIONAL MONARCHY	0	1	0	1
GREECE	EUROPE	10775643	131957	REPUBLIC	3	1	2	6
INDIA	ASIA	1251695584	3287263	PARLIAMENTARY FEDERAL REPUBLIC	0	1	1	2
INDONESIA	ASIA	255993674	1904569	REPUBLIC	1	2	0	3
IRAN	ASIA	81824270	1648195	ISLAMIC REPUBLIC	3	1	4	8
IRELAND	EUROPE	4892305	70273	REPUBLIC	0	2	0	2
ISRAEL	ASIA	8049314	20770	REPUBLIC	0	0	2	2
ITALY	EUROPE	61855120	301340	REPUBLIC	8	12	8	28
JAMAICA	NORTH AMERICA	2950210	10991	CONSTITUTIONAL MONARCHY	6	3	2	11
JAPAN	ASIA	126919659	377915	CONSTITUTIONAL MONARCHY	12	8	21	41
JORDAN	ASIA	8117564	89342	CONSTITUTIONAL MONARCHY	1	0	0	1
CANADA	NORTH AMERICA	35099836	9984670	PARLIAMENTARY MONARCHY	4	3	15	22
KAZAKHSTAN	ASIA	18157122	2724900	REPUBLIC	3	5	9	17
QATAR	ASIA	2194817	11586	MONARCHY	0	1	0	1
KENYA	AFRICA	45925301	580367	REPUBLIC	6	6	1	13
COLOMBIA	SOUTH AMERICA	46736728	1138910	REPUBLIC	3	2	3	8
KOSOVO	EUROPE	1870981	10887	PARLIAMENTARY DEMOCRACY	1	0	0	1
CROATIA	EUROPE	4464844	56594	REPUBLIC	5	3	2	10
CUBA	NORTH AMERICA	11031433	110860	SOCIALIST REPUBLIC	5	2	4	11
LITHUANIA	EUROPE	2884433	65300	REPUBLIC	0	1	3	4
MALAYSIA	ASIA	30513848	329847	PARLIAMENTARY MONARCHY	0	4	1	5
MOROCCO	AFRICA	33322699	446550	CONSTITUTIONAL MONARCHY	0	0	1	1
MEXICO	NORTH AMERICA	121736809	1964375	PRESIDENTIAL FEDERAL REPUBLIC	0	3	2	5
REPUBLIC OF MOLDOVA	EUROPE	3546847	33851	REPUBLIC	0	0	1	1
MONGOLIA	ASIA	2992908	1564116	REPUBLIC	0	1	1	2
NEW ZEALAND	OCEANIA	4438393	267710	CONSTITUTIONAL MONARCHY	4	9	5	18
NETHERLANDS	EUROPE	16947904	41543	CONSTITUTIONAL MONARCHY	8	7	4	19
NIGER	AFRICA	18045729	1267000	REPUBLIC	0	1	0	1
NIGERIA	AFRICA	181562056	923768	PRESIDENTIAL FEDERAL REPUBLIC	0	0	1	1
NORWAY	EUROPE	5207689	323802	CONSTITUTIONAL MONARCHY	0	0	4	4
AUSTRIA	EUROPE	8665550	83871	FEDERAL REPUBLIC	0	0	1	1
PHILIPPINES	ASIA	100998376	300000	REPUBLIC	0	1	0	1
POLAND	EUROPE	38562189	312685	REPUBLIC	2	3	6	11
PORTUGAL	EUROPE	10825309	92090	REPUBLIC	0	0	1	1
PUERTO RICO	NORTH AMERICA	3598357	13790	TERRITORY OF THE UNITED STATES	1	0	0	1
ROMANIA	EUROPE	21666350	238391	REPUBLIC	1	1	3	5
RUSSIA	EUROPE	142423773	17098242	PRESIDENTIAL FEDERAL REPUBLIC	19	18	19	56
SWEDEN	EUROPE	9801616	450295	CONSTITUTIONAL MONARCHY	2	6	3	11
SWITZERLAND	EUROPE	8121830	41277	FEDERATION	3	2	2	7
SERBIA	EUROPE	7176794	77474	PARLIAMENTARY REPUBLIC	2	4	2	8
SINGAPORE	ASIA	5674472	697	REPUBLIC	1	0	0	1
SLOVAKIA	EUROPE	5445027	49035	REPUBLIC	2	2	0	4
SLOVENIA	EUROPE	1983412	20273	REPUBLIC	1	2	1	4
SPAIN	EUROPE	48146134	505370	CONSTITUTIONAL MONARCHY	7	4	6	17
SOUTH AFRICA	AFRICA	53675563	1219090	REPUBLIC	2	6	2	10
REPUBLIC OF KOREA	ASIA	49115196	99720	REPUBLIC	9	3	9	21
TAJIKISTAN	ASIA	8191958	143100	REPUBLIC	1	0	0	1
CHINESE TAIPEI	ASIA	23415126	35980	REPUBLIC	1	0	2	3
THAILAND	ASIA	67976405	513120	CONSTITUTIONAL MONARCHY	2	2	2	6
TRINIDAD AND TOBAGO	NORTH AMERICA	1222363	5128	REPUBLIC	0	0	1	1
CZECH REPUBLIC	EUROPE	10644842	78867	REPUBLIC	1	2	7	10
TUNISIA	AFRICA	11037225	163610	REPUBLIC	0	0	3	3
TURKEY	ASIA	79414269	783562	REPUBLIC	1	3	4	8
UKRAINE	EUROPE	44429471	603550	REPUBLIC	2	5	4	11
HUNGARY	EUROPE	9897541	93028	REPUBLIC	8	3	4	15
UZBEKISTAN	ASIA	29199942	447400	REPUBLIC	4	2	7	13
VENEZUELA	SOUTH AMERICA	29275460	912050	PRESIDENTIAL FEDERAL REPUBLIC	0	1	2	3
UNITED ARAB EMIRATES	ASIA	5779760	83600	CONSTITUTIONAL MONARCHY	0	0	1	1
UNITED STATES	NORTH AMERICA	321368864	9826675	PRESIDENTIAL FEDERAL REPUBLIC	46	37	38	121
VIETNAM	ASIA	94348835	331210	SOCIALIST REPUBLIC	1	1	0	2
